www.google.com,
www.giggle.com,
www.lol.com,
www.dog.com,
www.google.com,
www.giggle.com,
www.lol.com,
www.dog.com,
www.google.com,
www.giggle.com,
www.lol.com,
www.dog.com,
www.google.com,
www.giggle.com,
www.lol.com,
www.dog.com,
www.google.com,
www.giggle.com,
www.lol.com,
www.dog.com,
www.google.com,
www.giggle.com,
www.lol.com,
www.dog.com,
www.google.com,
www.giggle.com,
www.lol.com,
www.dog.com,
www.google.com,
www.giggle.com,
www.lol.com,
www.dog.com,
www.google.com,
www.giggle.com,
www.lol.com,
www.dog.com,
www.google.com,
www.giggle.com,
www.lol.com,
www.dog.com,
www.google.com,
www.giggle.com,
www.lol.com,
www.dog.com,
www.google.com,
www.giggle.com,
www.lol.com,
www.dog.com,
www.google.com,
www.giggle.com,
www.lol.com,
www.dog.com,
www.google.com,
www.giggle.com,
www.lol.com,
www.dog.com,
www.google.com,
www.giggle.com,
www.lol.com,
www.dog.com,
www.google.com,
www.giggle.com,
www.lol.com,
www.dog.com,
www.google.com,
www.giggle.com,
www.lol.com,
www.dog.com,
www.google.com,
www.giggle.com,
www.lol.com,
www.dog.com,
www.google.com,
www.giggle.com,
www.lol.com,
www.dog.com,
www.google.com,
www.giggle.com,
www.lol.com,
www.dog.com,
www.google.com,
www.giggle.com,
www.lol.com,
www.dog.com,
www.google.com,
www.gigglfdfjdkfjdfe.com,
www.lol.com,
www.dog.com,
www.google.com,
www.giggle.com,
www.dshuefwnijw.com,
www.dog.com,
www.google.com,
www.giggle.com,
www.lol.com,
www.dog.com,
www.google.com,
www.giggle.com,
www.lol.com,
www.dog.com,
www.google.com,
www.giggle.com,
www.lol.com,
www.dog.com,
www.google.com,
www.giggle.com,
www.lol.com,
www.dog.com,
www.google.com,
www.giggle.com,
www.lol.com,
www.dog.com,
www.google.com,
www.giggle.com,
www.lol.com,
www.dog.com,
www.google.com,
www.giggle.com,
www.lol.com,
www.dog.com,
www.google.com,
www.giggle.com,
www.lol.com,
www.dog.com,
www.google.com,
www.giggle.com,
www.lol.com,
www.dog.com,
www.google.com,
www.giggle.com,
www.lol.com,
www.dog.com,
www.google.com,
www.giggle.com,
www.lol.com,
www.dog.com,
www.google.com,
www.giggle.com,
www.lol.com,
www.dog.com,
www.google.com,
www.giggle.com,
www.lol.com,
www.dog.com,
www.google.com,
www.giggle.com,
www.lol.com,
www.dog.com,
www.google.com,
www.giggle.com,
www.lol.com,
www.dog.com,
www.google.com,
www.giggle.com,
www.lol.com,
www.dog.com,
www.google.com,
www.giggle.com,
www.lol.com,
www.dog.com,
www.google.com,
www.giggle.com,
www.lol.com,
www.dog.com,
www.google.com,
www.giggle.com,
www.lol.com,
www.dog.com,